tech_company,benefits,medical_coverage,workplace_resources
No,0.641399416909621,0.9446064139941691,0.41690962099125367
Yes,0.6240266963292548,0.9154616240266963,0.3203559510567297
